Gas,Source,T_K,T_C,P_bar,Sal_m,x_fresh,x_brine,T_fresh,P_fresh,dT_K,dP_pct,ks_data
CO2,Prutton & Savage 1945,374.150000,101.000000,626.188500,1.012318,0.028200,0.018600,374.150000,623.148750,0.000000,0.485437,0.178537
CO2,Prutton & Savage 1945,374.150000,101.000000,582.618750,1.012318,0.028200,0.018500,374.150000,623.148750,0.000000,6.956522,0.180850
CO2,Prutton & Savage 1945,374.150000,101.000000,506.625000,1.012318,0.026600,0.017400,374.150000,524.863500,0.000000,3.600000,0.182089
CO2,Prutton & Savage 1945,374.150000,101.000000,356.664000,1.012318,0.023100,0.015900,374.150000,329.306250,0.000000,7.670455,0.160241
CO2,Prutton & Savage 1945,374.150000,101.000000,351.597750,1.012318,0.023100,0.016200,374.150000,329.306250,0.000000,6.340058,0.152222
CO2,Prutton & Savage 1945,374.150000,101.000000,289.789500,1.012318,0.022300,0.015200,374.150000,286.749750,0.000000,1.048951,0.164436
CO2,Prutton & Savage 1945,374.150000,101.000000,289.789500,1.012318,0.022300,0.014700,374.150000,286.749750,0.000000,1.048951,0.178785
CO2,Prutton & Savage 1945,374.150000,101.000000,215.822250,1.012318,0.022100,0.014000,374.150000,202.650000,0.000000,6.103286,0.195852
CO2,Prutton & Savage 1945,374.150000,101.000000,215.822250,1.012318,0.022100,0.013500,374.150000,202.650000,0.000000,6.103286,0.211454
CO2,Prutton & Savage 1945,374.150000,101.000000,121.590000,1.012318,0.015300,0.011300,374.150000,110.444250,0.000000,9.166667,0.130012
CO2,Prutton & Savage 1945,374.150000,101.000000,121.590000,1.012318,0.015300,0.011200,374.150000,110.444250,0.000000,9.166667,0.133825
CO2,Prutton & Savage 1945,374.150000,101.000000,56.742000,1.012318,0.010800,0.008100,374.150000,57.755250,0.000000,1.785714,0.123418
CO2,Prutton & Savage 1945,374.150000,101.000000,656.586000,2.280887,0.028200,0.012300,374.150000,623.148750,0.000000,5.092593,0.157984
CO2,Prutton & Savage 1945,374.150000,101.000000,581.605500,2.280887,0.028200,0.011800,374.150000,623.148750,0.000000,7.142857,0.165886
CO2,Prutton & Savage 1945,374.150000,101.000000,573.499500,2.280887,0.028200,0.011600,374.150000,623.148750,0.000000,8.657244,0.169141
CO2,Prutton & Savage 1945,374.150000,101.000000,295.869000,2.280887,0.023300,0.009900,374.150000,324.240000,0.000000,9.589041,0.162972
CO2,Prutton & Savage 1945,374.150000,101.000000,293.842500,2.280887,0.022300,0.009700,374.150000,286.749750,0.000000,2.413793,0.158506
CO2,Prutton & Savage 1945,374.150000,101.000000,638.347500,3.898583,0.028200,0.007100,374.150000,623.148750,0.000000,2.380952,0.153643
CO2,Prutton & Savage 1945,374.150000,101.000000,531.956250,3.898583,0.027800,0.007000,374.150000,565.393500,0.000000,6.285714,0.153632
CO2,Prutton & Savage 1945,374.150000,101.000000,264.458250,3.898583,0.022300,0.005800,374.150000,286.749750,0.000000,8.429119,0.150023
CO2,Prutton & Savage 1945,374.150000,101.000000,237.100500,3.898583,0.020700,0.005400,374.150000,214.809000,0.000000,9.401709,0.149689
CO2,Truche 2015,473.150000,200.000000,29.000000,1.400000,0.002659,0.001544,473.150000,31.000000,0.000000,6.896552,0.168622
CO2,Truche 2015,523.150000,250.000000,48.000000,1.400000,0.001224,0.001141,523.150000,46.000000,0.000000,4.166667,0.021783
CO2,Truche 2015,553.150000,280.000000,68.000000,1.400000,0.000990,0.000843,553.150000,65.000000,0.000000,4.411765,0.049863
CO2,Ahmadi 2018,303.160000,30.010000,86.750000,1.400000,0.023350,0.018040,300.950000,78.370000,2.210000,9.659942,0.080036
CO2,Ahmadi 2018,303.160000,30.010000,205.190000,1.400000,0.026960,0.019130,300.950000,194.450000,2.210000,5.234173,0.106432
CO2,Ahmadi 2018,303.160000,30.010000,353.860000,1.400000,0.029600,0.020960,300.950000,347.530000,2.210000,1.788843,0.107072
CO2,Ahmadi 2018,323.200000,50.050000,388.600000,1.400000,0.027080,0.019750,322.620000,403.490000,0.580000,3.831704,0.097915
CO2,Ahmadi 2018,373.190000,100.040000,81.720000,1.400000,0.012860,0.008600,373.390000,79.410000,0.200000,2.826725,0.124816
CO2,Ahmadi 2018,373.190000,100.040000,388.080000,1.400000,0.025780,0.018770,373.390000,420.770000,0.200000,8.423521,0.098442
CO2,Ahmadi 2018,423.190000,150.040000,24.150000,1.400000,0.003270,0.002440,423.480000,26.310000,0.290000,8.944099,0.090827
CO2,Ahmadi 2018,423.190000,150.040000,54.340000,1.400000,0.006650,0.004980,423.480000,51.090000,0.290000,5.980861,0.089709
CO2,Ahmadi 2018,423.190000,150.040000,92.530000,1.400000,0.011700,0.008790,423.480000,97.720000,0.290000,5.608992,0.088712
CO2,Yan 2011,323.200000,50.050000,50.000000,1.000000,0.014730,0.011880,323.200000,50.000000,0.000000,0.000000,0.093386
CO2,Yan 2011,323.200000,50.050000,100.000000,1.000000,0.021370,0.017020,323.200000,100.000000,0.000000,0.000000,0.098845
CO2,Yan 2011,323.200000,50.050000,150.000000,1.000000,0.022060,0.018030,323.200000,150.000000,0.000000,0.000000,0.087610
CO2,Yan 2011,323.200000,50.050000,200.000000,1.000000,0.022850,0.019430,323.200000,200.000000,0.000000,0.000000,0.070413
CO2,Yan 2011,323.200000,50.050000,300.000000,1.000000,0.024920,0.020460,323.200000,300.000000,0.000000,0.000000,0.085642
CO2,Yan 2011,323.200000,50.050000,400.000000,1.000000,0.025690,0.021630,323.200000,400.000000,0.000000,0.000000,0.074708
CO2,Yan 2011,373.200000,100.050000,50.000000,1.000000,0.008260,0.007660,373.200000,50.000000,0.000000,0.000000,0.032751
CO2,Yan 2011,373.200000,100.050000,100.000000,1.000000,0.014270,0.012160,373.200000,100.000000,0.000000,0.000000,0.069490
CO2,Yan 2011,373.200000,100.050000,150.000000,1.000000,0.017950,0.014700,373.200000,150.000000,0.000000,0.000000,0.086747
CO2,Yan 2011,373.200000,100.050000,200.000000,1.000000,0.020440,0.017120,373.200000,200.000000,0.000000,0.000000,0.076977
CO2,Yan 2011,373.200000,100.050000,300.000000,1.000000,0.023140,0.018970,373.200000,300.000000,0.000000,0.000000,0.086296
CO2,Yan 2011,373.200000,100.050000,400.000000,1.000000,0.025340,0.021070,373.200000,400.000000,0.000000,0.000000,0.080142
CO2,Yan 2011,413.200000,140.050000,50.000000,1.000000,0.006770,0.005520,413.200000,50.000000,0.000000,0.000000,0.088650
CO2,Yan 2011,413.200000,140.050000,100.000000,1.000000,0.012580,0.010250,413.200000,100.000000,0.000000,0.000000,0.088957
CO2,Yan 2011,413.200000,140.050000,150.000000,1.000000,0.017170,0.014760,413.200000,150.000000,0.000000,0.000000,0.065684
CO2,Yan 2011,413.200000,140.050000,200.000000,1.000000,0.020350,0.017040,413.200000,200.000000,0.000000,0.000000,0.077095
CO2,Yan 2011,413.200000,140.050000,300.000000,1.000000,0.024660,0.021870,413.200000,300.000000,0.000000,0.000000,0.052144
CO2,Yan 2011,413.200000,140.050000,400.000000,1.000000,0.027400,0.022610,413.200000,400.000000,0.000000,0.000000,0.083450
CO2,Yan 2011,323.200000,50.050000,50.000000,5.000000,0.014730,0.006020,323.200000,50.000000,0.000000,0.000000,0.077721
CO2,Yan 2011,323.200000,50.050000,100.000000,5.000000,0.021370,0.008760,323.200000,100.000000,0.000000,0.000000,0.077460
CO2,Yan 2011,323.200000,50.050000,150.000000,5.000000,0.022060,0.009870,323.200000,150.000000,0.000000,0.000000,0.069858
CO2,Yan 2011,323.200000,50.050000,200.000000,5.000000,0.022850,0.009970,323.200000,200.000000,0.000000,0.000000,0.072038
CO2,Yan 2011,323.200000,50.050000,300.000000,5.000000,0.024920,0.010770,323.200000,300.000000,0.000000,0.000000,0.072866
CO2,Yan 2011,323.200000,50.050000,400.000000,5.000000,0.025690,0.011650,323.200000,400.000000,0.000000,0.000000,0.068688
CO2,Yan 2011,373.200000,100.050000,50.000000,5.000000,0.008260,0.003830,373.200000,50.000000,0.000000,0.000000,0.066756
CO2,Yan 2011,373.200000,100.050000,100.000000,5.000000,0.014270,0.006520,373.200000,100.000000,0.000000,0.000000,0.068035
CO2,Yan 2011,373.200000,100.050000,150.000000,5.000000,0.017950,0.008590,373.200000,150.000000,0.000000,0.000000,0.064014
CO2,Yan 2011,373.200000,100.050000,200.000000,5.000000,0.020440,0.010310,373.200000,200.000000,0.000000,0.000000,0.059444
CO2,Yan 2011,373.200000,100.050000,300.000000,5.000000,0.023140,0.011400,373.200000,300.000000,0.000000,0.000000,0.061492
CO2,Yan 2011,373.200000,100.050000,400.000000,5.000000,0.025340,0.011330,373.200000,400.000000,0.000000,0.000000,0.069915
CO2,Yan 2011,413.200000,140.050000,50.000000,5.000000,0.006770,0.003420,413.200000,50.000000,0.000000,0.000000,0.059313
CO2,Yan 2011,413.200000,140.050000,100.000000,5.000000,0.012580,0.005800,413.200000,100.000000,0.000000,0.000000,0.067251
CO2,Yan 2011,413.200000,140.050000,150.000000,5.000000,0.017170,0.008250,413.200000,150.000000,0.000000,0.000000,0.063663
CO2,Yan 2011,413.200000,140.050000,200.000000,5.000000,0.020350,0.010570,413.200000,200.000000,0.000000,0.000000,0.056898
CO2,Yan 2011,413.200000,140.050000,300.000000,5.000000,0.024660,0.011130,413.200000,300.000000,0.000000,0.000000,0.069100
CO2,Yan 2011,413.200000,140.050000,400.000000,5.000000,0.027400,0.012680,413.200000,400.000000,0.000000,0.000000,0.066926
H2S,Koschel 2013,323.100000,49.950000,17.600000,1.000000,0.017500,0.014800,323.100000,17.200000,0.000000,2.272727,0.072776
H2S,Koschel 2013,323.100000,49.950000,78.900000,1.000000,0.038800,0.033300,323.100000,78.300000,0.000000,0.760456,0.066387
H2S,Koschel 2013,323.100000,49.950000,131.800000,1.000000,0.039000,0.034400,323.100000,136.000000,0.000000,3.186646,0.054506
H2S,Koschel 2013,323.100000,49.950000,17.700000,3.000000,0.017500,0.011900,323.100000,17.200000,0.000000,2.824859,0.055830
H2S,Koschel 2013,323.100000,49.950000,78.900000,3.000000,0.038800,0.023100,323.100000,78.300000,0.000000,0.760456,0.075073
H2S,Koschel 2013,323.100000,49.950000,133.200000,3.000000,0.039000,0.025000,323.100000,136.000000,0.000000,2.102102,0.064375
H2S,Koschel 2013,323.100000,49.950000,17.700000,5.000000,0.017500,0.009700,323.100000,17.200000,0.000000,2.824859,0.051253
H2S,Koschel 2013,323.100000,49.950000,78.800000,5.000000,0.038800,0.021700,323.100000,78.300000,0.000000,0.634518,0.050474
H2S,Koschel 2013,323.100000,49.950000,128.900000,5.000000,0.039000,0.023100,323.100000,136.000000,0.000000,5.508146,0.045491
H2S,Koschel 2013,353.100000,79.950000,140.200000,1.000000,0.043800,0.037500,353.100000,140.200000,0.000000,0.000000,0.067443
H2S,Koschel 2013,353.100000,79.950000,199.200000,1.000000,0.044300,0.038100,353.100000,191.600000,0.000000,3.815261,0.065479
H2S,Koschel 2013,353.100000,79.950000,260.000000,1.000000,0.046000,0.038500,353.100000,254.500000,0.000000,2.115385,0.077297
H2S,Koschel 2013,353.100000,79.950000,311.700000,1.000000,0.047100,0.039400,353.100000,308.600000,0.000000,0.994546,0.077525
H2S,Koschel 2013,353.100000,79.950000,137.700000,3.000000,0.043800,0.026000,353.100000,140.200000,0.000000,1.815541,0.075500
H2S,Koschel 2013,353.100000,79.950000,198.700000,3.000000,0.044300,0.026500,353.100000,191.600000,0.000000,3.573226,0.074386
H2S,Koschel 2013,353.100000,79.950000,260.500000,3.000000,0.046000,0.028200,353.100000,254.500000,0.000000,2.303263,0.070836
H2S,Koschel 2013,353.100000,79.950000,309.300000,3.000000,0.047100,0.030000,353.100000,308.600000,0.000000,0.226317,0.065300
H2S,Koschel 2013,393.100000,119.950000,135.100000,1.000000,0.055400,0.046200,393.100000,135.800000,0.000000,0.518135,0.078868
H2S,Koschel 2013,393.100000,119.950000,191.800000,1.000000,0.057000,0.050000,393.100000,198.600000,0.000000,3.545360,0.056905
H2S,Koschel 2013,393.100000,119.950000,195.900000,3.000000,0.057000,0.032600,393.100000,198.600000,0.000000,1.378254,0.080886
H2S,Suleimenov 1994,428.450000,155.300000,11.960000,0.501400,0.003028,0.002723,428.550000,11.590000,0.100000,3.093645,0.091959
H2S,Suleimenov 1994,428.350000,155.200000,12.140000,0.917400,0.003028,0.002647,428.550000,11.590000,0.200000,4.530478,0.063660
H2S,Suleimenov 1994,428.450000,155.300000,12.370000,1.266100,0.003028,0.002612,428.550000,11.590000,0.100000,6.305578,0.050693
H2S,Suleimenov 1994,428.550000,155.400000,12.650000,1.564100,0.003028,0.002590,428.550000,11.590000,0.000000,8.379447,0.043383
H2S,Suleimenov 1994,428.550000,155.400000,12.920000,1.813400,0.003991,0.002598,426.750000,13.300000,1.800000,2.941176,0.102814
H2S,Suleimenov 1994,428.550000,155.400000,13.120000,2.031100,0.003991,0.002657,426.750000,13.300000,1.800000,1.371951,0.086992
H2S,Suleimenov 1994,428.450000,155.300000,13.420000,2.223500,0.003991,0.002697,426.750000,13.300000,1.700000,0.894188,0.076546
H2S,Suleimenov 1994,428.450000,155.300000,13.710000,2.390300,0.003991,0.002764,426.750000,13.300000,1.700000,2.990518,0.066746
H2S,Suleimenov 1994,428.350000,155.200000,14.050000,2.539300,0.003991,0.002835,426.750000,13.300000,1.600000,5.338078,0.058492
H2S,Suleimenov 1994,489.650000,216.500000,27.600000,0.235300,0.002475,0.002381,489.650000,27.550000,0.000000,0.181159,0.071465
H2S,Suleimenov 1994,489.650000,216.500000,27.580000,0.633600,0.002475,0.002282,489.650000,27.550000,0.000000,0.108774,0.055650
H2S,Suleimenov 1994,489.550000,216.400000,27.460000,0.963500,0.002475,0.002284,489.650000,27.550000,0.100000,0.327749,0.036200
H2S,Suleimenov 1994,489.450000,216.300000,27.430000,1.244000,0.002475,0.002279,489.650000,27.550000,0.200000,0.437477,0.028803
H2S,Suleimenov 1994,489.450000,216.300000,27.480000,1.486100,0.002475,0.002292,489.650000,27.550000,0.200000,0.254731,0.022448
H2S,Suleimenov 1994,489.550000,216.400000,27.560000,1.692500,0.002475,0.002333,489.650000,27.550000,0.100000,0.036284,0.015161
H2S,Suleimenov 1994,489.450000,216.300000,27.700000,1.878300,0.002475,0.002353,489.650000,27.550000,0.200000,0.541516,0.011688
H2S,Suleimenov 1994,489.450000,216.300000,27.870000,2.042400,0.002475,0.002398,489.650000,27.550000,0.200000,1.148188,0.006721
H2S,Suleimenov 1994,593.950000,320.800000,137.860000,0.488200,0.015358,0.014664,594.150000,138.610000,0.200000,0.544030,0.041135
H2S,Suleimenov 1994,593.650000,320.500000,137.380000,0.887900,0.015358,0.013171,594.150000,138.610000,0.500000,0.895327,0.075139
H2S,Suleimenov 1994,593.750000,320.600000,137.210000,1.224000,0.015358,0.012419,594.150000,138.610000,0.400000,1.020334,0.075366
H2S,Suleimenov 1994,593.650000,320.500000,137.540000,1.515700,0.015358,0.011798,594.150000,138.610000,0.500000,0.777956,0.075560
H2S,Suleimenov 1994,593.550000,320.400000,137.900000,1.765200,0.015358,0.011489,594.150000,138.610000,0.600000,0.514866,0.071410
H2S,Suleimenov 1994,593.550000,320.400000,138.420000,1.980300,0.015358,0.011404,594.150000,138.610000,0.600000,0.137263,0.065282
H2S,Barrett 1988,299.150000,26.000000,1.013250,1.000000,0.001781,0.001470,299.650000,1.013250,0.500000,0.000000,0.083347
H2S,Barrett 1988,299.150000,26.000000,1.013250,1.000000,0.001781,0.001481,299.650000,1.013250,0.500000,0.000000,0.080109
H2S,Barrett 1988,299.150000,26.000000,1.013250,1.000000,0.001781,0.001479,299.650000,1.013250,0.500000,0.000000,0.080696
H2S,Barrett 1988,299.150000,26.000000,1.013250,1.000000,0.001781,0.001490,299.650000,1.013250,0.500000,0.000000,0.077478
H2S,Barrett 1988,300.650000,27.500000,1.013250,1.000000,0.001654,0.001436,300.650000,1.013250,0.000000,0.000000,0.061381
H2S,Barrett 1988,300.650000,27.500000,1.013250,1.000000,0.001654,0.001464,300.650000,1.013250,0.000000,0.000000,0.052994
H2S,Barrett 1988,300.650000,27.500000,1.013250,1.000000,0.001654,0.001437,300.650000,1.013250,0.000000,0.000000,0.061079
H2S,Barrett 1988,334.150000,61.000000,1.013250,1.000000,0.000750,0.000653,334.150000,1.013250,0.000000,0.000000,0.060148
H2S,Barrett 1988,334.150000,61.000000,1.013250,1.000000,0.000750,0.000662,334.150000,1.013250,0.000000,0.000000,0.054203
H2S,Barrett 1988,333.650000,60.500000,1.013250,1.000000,0.000850,0.000568,333.150000,1.013250,0.500000,0.000000,0.175071
H2S,Barrett 1988,333.650000,60.500000,1.013250,1.000000,0.000850,0.000660,333.150000,1.013250,0.500000,0.000000,0.109875
H2S,Barrett 1988,334.150000,61.000000,1.013250,1.000000,0.000750,0.000672,334.150000,1.013250,0.000000,0.000000,0.047692
H2S,Barrett 1988,333.650000,60.500000,1.013250,1.000000,0.000850,0.000588,333.150000,1.013250,0.500000,0.000000,0.160042
H2S,Barrett 1988,333.650000,60.500000,1.013250,1.000000,0.000850,0.000695,333.150000,1.013250,0.500000,0.000000,0.087434
H2S,Barrett 1988,333.650000,60.500000,1.013250,1.000000,0.000850,0.000660,333.150000,1.013250,0.500000,0.000000,0.109875
H2S,Barrett 1988,333.650000,60.500000,1.013250,1.000000,0.000850,0.000689,333.150000,1.013250,0.500000,0.000000,0.091200
H2S,Barrett 1988,333.650000,60.500000,1.013250,1.000000,0.000850,0.000665,333.150000,1.013250,0.500000,0.000000,0.106597
H2S,Barrett 1988,352.150000,79.000000,1.013250,1.000000,0.000410,0.000356,354.150000,1.013250,2.000000,0.000000,0.061334
H2S,Barrett 1988,352.150000,79.000000,1.013250,1.000000,0.000410,0.000352,354.150000,1.013250,2.000000,0.000000,0.066241
H2S,Barrett 1988,353.150000,80.000000,1.013250,1.000000,0.000410,0.000351,354.150000,1.013250,1.000000,0.000000,0.067477
H2S,Barrett 1988,353.150000,80.000000,1.013250,1.000000,0.000410,0.000357,354.150000,1.013250,1.000000,0.000000,0.060116
H2S,Barrett 1988,353.150000,80.000000,1.013250,1.000000,0.000410,0.000325,354.150000,1.013250,1.000000,0.000000,0.100900
H2S,Barrett 1988,353.150000,80.000000,1.013250,1.000000,0.000410,0.000316,354.150000,1.013250,1.000000,0.000000,0.113097
H2S,Barrett 1988,353.150000,80.000000,1.013250,1.000000,0.000410,0.000337,354.150000,1.013250,1.000000,0.000000,0.085154
H2S,Barrett 1988,353.150000,80.000000,1.013250,1.000000,0.000410,0.000336,354.150000,1.013250,1.000000,0.000000,0.086445
H2S,Barrett 1988,353.150000,80.000000,1.013250,1.000000,0.000410,0.000372,354.150000,1.013250,1.000000,0.000000,0.042241
H2S,Barrett 1988,353.150000,80.000000,1.013250,1.000000,0.000410,0.000392,354.150000,1.013250,1.000000,0.000000,0.019498
H2S,Barrett 1988,368.150000,95.000000,1.013250,1.000000,0.000169,0.000143,367.650000,1.013250,0.500000,0.000000,0.072551
H2S,Barrett 1988,368.150000,95.000000,1.013250,1.000000,0.000169,0.000151,367.650000,1.013250,0.500000,0.000000,0.048910
H2S,Barrett 1988,368.150000,95.000000,1.013250,1.000000,0.000169,0.000149,367.650000,1.013250,0.500000,0.000000,0.054700
H2S,Barrett 1988,368.150000,95.000000,1.013250,1.000000,0.000169,0.000151,367.650000,1.013250,0.500000,0.000000,0.048910
H2S,Barrett 1988,299.650000,26.500000,1.013250,2.000000,0.001781,0.001199,299.650000,1.013250,0.000000,0.000000,0.085922
H2S,Barrett 1988,299.650000,26.500000,1.013250,2.000000,0.001781,0.001254,299.650000,1.013250,0.000000,0.000000,0.076183
H2S,Barrett 1988,299.650000,26.500000,1.013250,2.000000,0.001781,0.001239,299.650000,1.013250,0.000000,0.000000,0.078796
H2S,Barrett 1988,299.650000,26.500000,1.013250,2.000000,0.001781,0.001252,299.650000,1.013250,0.000000,0.000000,0.076530
H2S,Barrett 1988,299.150000,26.000000,1.013250,2.000000,0.001781,0.001222,299.650000,1.013250,0.500000,0.000000,0.081796
H2S,Barrett 1988,299.150000,26.000000,1.013250,2.000000,0.001781,0.001273,299.650000,1.013250,0.500000,0.000000,0.072918
H2S,Barrett 1988,332.650000,59.500000,1.013250,2.000000,0.000850,0.000576,333.150000,1.013250,0.500000,0.000000,0.084498
H2S,Barrett 1988,332.650000,59.500000,1.013250,2.000000,0.000850,0.000578,333.150000,1.013250,0.500000,0.000000,0.083746
H2S,Barrett 1988,333.150000,60.000000,1.013250,2.000000,0.000850,0.000564,333.150000,1.013250,0.000000,0.000000,0.089070
H2S,Barrett 1988,333.150000,60.000000,1.013250,2.000000,0.000850,0.000564,333.150000,1.013250,0.000000,0.000000,0.089070
H2S,Barrett 1988,353.150000,80.000000,1.013250,2.000000,0.000410,0.000308,354.150000,1.013250,1.000000,0.000000,0.062117
H2S,Barrett 1988,353.150000,80.000000,1.013250,2.000000,0.000410,0.000300,354.150000,1.013250,1.000000,0.000000,0.067831
H2S,Barrett 1988,353.150000,80.000000,1.013250,2.000000,0.000410,0.000310,354.150000,1.013250,1.000000,0.000000,0.060711
H2S,Barrett 1988,353.150000,80.000000,1.013250,2.000000,0.000410,0.000311,354.150000,1.013250,1.000000,0.000000,0.060012
H2S,Barrett 1988,353.150000,80.000000,1.013250,2.000000,0.000410,0.000313,354.150000,1.013250,1.000000,0.000000,0.058620
H2S,Barrett 1988,353.150000,80.000000,1.013250,2.000000,0.000410,0.000314,354.150000,1.013250,1.000000,0.000000,0.057927
H2S,Barrett 1988,353.150000,80.000000,1.013250,2.000000,0.000410,0.000307,354.150000,1.013250,1.000000,0.000000,0.062823
H2S,Barrett 1988,368.150000,95.000000,1.013250,2.000000,0.000169,0.000145,367.650000,1.013250,0.500000,0.000000,0.033259
H2S,Barrett 1988,368.150000,95.000000,1.013250,2.000000,0.000169,0.000140,367.650000,1.013250,0.500000,0.000000,0.040879
H2S,Barrett 1988,368.150000,95.000000,1.013250,2.000000,0.000169,0.000142,367.650000,1.013250,0.500000,0.000000,0.037799
H2S,Barrett 1988,369.150000,96.000000,1.013250,2.000000,0.000169,0.000135,367.650000,1.013250,1.500000,0.000000,0.048776
H2S,Barrett 1988,369.150000,96.000000,1.013250,2.000000,0.000169,0.000128,367.650000,1.013250,1.500000,0.000000,0.060338
H2S,Barrett 1988,301.150000,28.000000,1.013250,3.000000,0.001654,0.001040,300.650000,1.013250,0.500000,0.000000,0.067167
H2S,Barrett 1988,302.150000,29.000000,1.013250,3.000000,0.001654,0.001054,300.650000,1.013250,1.500000,0.000000,0.065232
H2S,Barrett 1988,302.150000,29.000000,1.013250,3.000000,0.001654,0.001042,300.650000,1.013250,1.500000,0.000000,0.066889
H2S,Barrett 1988,302.150000,29.000000,1.013250,3.000000,0.001654,0.001027,300.650000,1.013250,1.500000,0.000000,0.068988
H2S,Barrett 1988,302.150000,29.000000,1.013250,3.000000,0.001654,0.001032,300.650000,1.013250,1.500000,0.000000,0.068285
H2S,Barrett 1988,299.150000,26.000000,1.013250,3.000000,0.001781,0.001033,299.650000,1.013250,0.500000,0.000000,0.078855
H2S,Barrett 1988,299.150000,26.000000,1.013250,3.000000,0.001781,0.001095,299.650000,1.013250,0.500000,0.000000,0.070417
H2S,Barrett 1988,298.150000,25.000000,1.013250,3.000000,0.001599,0.001041,298.150000,1.013250,0.000000,0.000000,0.062133
H2S,Barrett 1988,298.150000,25.000000,1.013250,3.000000,0.001599,0.001053,298.150000,1.013250,0.000000,0.000000,0.060473
H2S,Barrett 1988,297.650000,24.500000,1.013250,3.000000,0.001814,0.001136,297.150000,1.013250,0.500000,0.000000,0.067753
H2S,Barrett 1988,297.650000,24.500000,1.013250,3.000000,0.001814,0.001130,297.150000,1.013250,0.500000,0.000000,0.068520
H2S,Barrett 1988,297.150000,24.000000,1.013250,3.000000,0.001814,0.001139,297.150000,1.013250,0.000000,0.000000,0.067371
H2S,Barrett 1988,297.150000,24.000000,1.013250,3.000000,0.001814,0.001135,297.150000,1.013250,0.000000,0.000000,0.067880
H2S,Barrett 1988,297.150000,24.000000,1.013250,3.000000,0.001814,0.001142,297.150000,1.013250,0.000000,0.000000,0.066990
H2S,Barrett 1988,297.150000,24.000000,1.013250,3.000000,0.001814,0.001139,297.150000,1.013250,0.000000,0.000000,0.067371
H2S,Barrett 1988,333.150000,60.000000,1.013250,3.000000,0.000850,0.000536,333.150000,1.013250,0.000000,0.000000,0.066751
H2S,Barrett 1988,333.150000,60.000000,1.013250,3.000000,0.000850,0.000477,333.150000,1.013250,0.000000,0.000000,0.083634
H2S,Barrett 1988,333.150000,60.000000,1.013250,3.000000,0.000850,0.000487,333.150000,1.013250,0.000000,0.000000,0.080630
H2S,Barrett 1988,333.150000,60.000000,1.013250,3.000000,0.000850,0.000485,333.150000,1.013250,0.000000,0.000000,0.081226
H2S,Barrett 1988,333.150000,60.000000,1.013250,3.000000,0.000850,0.000491,333.150000,1.013250,0.000000,0.000000,0.079446
H2S,Barrett 1988,368.150000,95.000000,1.013250,3.000000,0.000169,0.000129,367.650000,1.013250,0.500000,0.000000,0.039099
H2S,Barrett 1988,368.150000,95.000000,1.013250,3.000000,0.000169,0.000126,367.650000,1.013250,0.500000,0.000000,0.042505
H2S,Barrett 1988,367.650000,94.500000,1.013250,3.000000,0.000169,0.000147,367.650000,1.013250,0.000000,0.000000,0.020190
H2S,Barrett 1988,367.650000,94.500000,1.013250,3.000000,0.000169,0.000132,367.650000,1.013250,0.000000,0.000000,0.035771
H2S,Barrett 1988,368.150000,95.000000,1.013250,3.000000,0.000169,0.000132,367.650000,1.013250,0.500000,0.000000,0.035771
H2S,Barrett 1988,368.150000,95.000000,1.013250,3.000000,0.000169,0.000131,367.650000,1.013250,0.500000,0.000000,0.036872
H2S,Barrett 1988,365.150000,92.000000,1.013250,3.000000,0.000166,0.000169,367.150000,1.013250,2.000000,0.000000,-0.002593
H2S,Barrett 1988,365.150000,92.000000,1.013250,3.000000,0.000166,0.000181,367.150000,1.013250,2.000000,0.000000,-0.012523
H2S,Barrett 1988,365.150000,92.000000,1.013250,3.000000,0.000166,0.000170,367.150000,1.013250,2.000000,0.000000,-0.003447
H2S,Barrett 1988,365.150000,92.000000,1.013250,3.000000,0.000166,0.000170,367.150000,1.013250,2.000000,0.000000,-0.003447
H2S,Barrett 1988,369.150000,96.000000,1.013250,3.000000,0.000169,0.000121,367.650000,1.013250,1.500000,0.000000,0.048367
H2S,Barrett 1988,369.150000,96.000000,1.013250,3.000000,0.000169,0.000125,367.650000,1.013250,1.500000,0.000000,0.043659
H2S,Barrett 1988,369.150000,96.000000,1.013250,3.000000,0.000169,0.000123,367.650000,1.013250,1.500000,0.000000,0.045994
H2S,Barrett 1988,369.650000,96.500000,1.013250,3.000000,0.000169,0.000124,367.650000,1.013250,2.000000,0.000000,0.044822
H2S,Barrett 1988,369.650000,96.500000,1.013250,3.000000,0.000169,0.000128,367.650000,1.013250,2.000000,0.000000,0.040226
H2S,Barrett 1988,367.450000,94.300000,1.013250,3.000000,0.000169,0.000145,367.650000,1.013250,0.200000,0.000000,0.022173
H2S,Barrett 1988,367.450000,94.300000,1.013250,3.000000,0.000169,0.000142,367.650000,1.013250,0.200000,0.000000,0.025199
H2S,Barrett 1988,368.150000,95.000000,1.013250,3.000000,0.000169,0.000135,367.650000,1.013250,0.500000,0.000000,0.032518
H2S,Barrett 1988,368.150000,95.000000,1.013250,3.000000,0.000169,0.000131,367.650000,1.013250,0.500000,0.000000,0.036872
H2S,Barrett 1988,367.150000,94.000000,1.013250,3.000000,0.000166,0.000147,367.150000,1.013250,0.000000,0.000000,0.017597
H2S,Barrett 1988,367.150000,94.000000,1.013250,3.000000,0.000166,0.000148,367.150000,1.013250,0.000000,0.000000,0.016615
H2S,Barrett 1988,369.150000,96.000000,1.013250,3.000000,0.000169,0.000124,367.650000,1.013250,1.500000,0.000000,0.044822
H2S,Barrett 1988,353.150000,80.000000,1.013250,4.000000,0.000410,0.000259,354.150000,1.013250,1.000000,0.000000,0.049871
H2S,Barrett 1988,353.150000,80.000000,1.013250,4.000000,0.000410,0.000263,354.150000,1.013250,1.000000,0.000000,0.048207
H2S,Barrett 1988,353.150000,80.000000,1.013250,4.000000,0.000410,0.000261,354.150000,1.013250,1.000000,0.000000,0.049036
H2S,Barrett 1988,353.150000,80.000000,1.013250,4.000000,0.000410,0.000263,354.150000,1.013250,1.000000,0.000000,0.048207
H2S,Barrett 1988,354.650000,81.500000,1.013250,4.000000,0.000410,0.000244,354.150000,1.013250,0.500000,0.000000,0.056349
H2S,Barrett 1988,296.650000,23.500000,1.013250,4.000000,0.001836,0.001017,296.650000,1.013250,0.000000,0.000000,0.064138
H2S,Barrett 1988,296.650000,23.500000,1.013250,4.000000,0.001836,0.000998,296.650000,1.013250,0.000000,0.000000,0.066186
H2S,Barrett 1988,296.150000,23.000000,1.013250,4.000000,0.001836,0.001029,296.650000,1.013250,0.500000,0.000000,0.062864
H2S,Barrett 1988,296.150000,23.000000,1.013250,4.000000,0.001836,0.000995,296.650000,1.013250,0.500000,0.000000,0.066512
H2S,Barrett 1988,301.150000,28.000000,1.013250,4.000000,0.001654,0.000930,300.650000,1.013250,0.500000,0.000000,0.062513
H2S,Barrett 1988,300.450000,27.300000,1.013250,4.000000,0.001654,0.000963,300.650000,1.013250,0.200000,0.000000,0.058727
H2S,Barrett 1988,300.450000,27.300000,1.013250,4.000000,0.001654,0.000910,300.650000,1.013250,0.200000,0.000000,0.064874
H2S,Barrett 1988,300.650000,27.500000,1.013250,4.000000,0.001654,0.000907,300.650000,1.013250,0.000000,0.000000,0.065232
H2S,Barrett 1988,300.650000,27.500000,1.013250,4.000000,0.001654,0.000916,300.650000,1.013250,0.000000,0.000000,0.064160
H2S,Barrett 1988,300.650000,27.500000,1.013250,4.000000,0.001654,0.000915,300.650000,1.013250,0.000000,0.000000,0.064279
H2S,Barrett 1988,300.650000,27.500000,1.013250,4.000000,0.001654,0.000934,300.650000,1.013250,0.000000,0.000000,0.062047
H2S,Barrett 1988,300.650000,27.500000,1.013250,4.000000,0.001654,0.000918,300.650000,1.013250,0.000000,0.000000,0.063923
H2S,Barrett 1988,300.650000,27.500000,1.013250,4.000000,0.001654,0.000466,300.650000,1.013250,0.000000,0.000000,0.137537
H2S,Barrett 1988,300.650000,27.500000,1.013250,4.000000,0.001654,0.000470,300.650000,1.013250,0.000000,0.000000,0.136609
H2S,Barrett 1988,300.650000,27.500000,1.013250,4.000000,0.001654,0.000461,300.650000,1.013250,0.000000,0.000000,0.138709
H2S,Barrett 1988,298.150000,25.000000,1.013250,4.000000,0.001599,0.000952,298.150000,1.013250,0.000000,0.000000,0.056303
H2S,Barrett 1988,298.150000,25.000000,1.013250,4.000000,0.001599,0.000949,298.150000,1.013250,0.000000,0.000000,0.056646
H2S,Barrett 1988,300.450000,27.300000,1.013250,4.000000,0.001654,0.000912,300.650000,1.013250,0.200000,0.000000,0.064635
H2S,Barrett 1988,300.450000,27.300000,1.013250,4.000000,0.001654,0.000905,300.650000,1.013250,0.200000,0.000000,0.065472
H2S,Barrett 1988,301.150000,28.000000,1.013250,4.000000,0.001654,0.000899,300.650000,1.013250,0.500000,0.000000,0.066194
H2S,Barrett 1988,301.150000,28.000000,1.013250,4.000000,0.001654,0.000891,300.650000,1.013250,0.500000,0.000000,0.067164
H2S,Barrett 1988,301.150000,28.000000,1.013250,4.000000,0.001654,0.000910,300.650000,1.013250,0.500000,0.000000,0.064874
H2S,Barrett 1988,333.650000,60.500000,1.013250,4.000000,0.000850,0.000397,333.150000,1.013250,0.500000,0.000000,0.082657
H2S,Barrett 1988,333.650000,60.500000,1.013250,4.000000,0.000850,0.000392,333.150000,1.013250,0.500000,0.000000,0.084033
H2S,Barrett 1988,333.650000,60.500000,1.013250,4.000000,0.000850,0.000457,333.150000,1.013250,0.500000,0.000000,0.067376
H2S,Barrett 1988,333.650000,60.500000,1.013250,4.000000,0.000850,0.000452,333.150000,1.013250,0.500000,0.000000,0.068570
H2S,Barrett 1988,333.650000,60.500000,1.013250,4.000000,0.000850,0.000451,333.150000,1.013250,0.500000,0.000000,0.068811
H2S,Barrett 1988,333.650000,60.500000,1.013250,4.000000,0.000850,0.000457,333.150000,1.013250,0.500000,0.000000,0.067376
H2S,Barrett 1988,333.150000,60.000000,1.013250,4.000000,0.000850,0.000458,333.150000,1.013250,0.000000,0.000000,0.067138
H2S,Barrett 1988,333.150000,60.000000,1.013250,4.000000,0.000850,0.000460,333.150000,1.013250,0.000000,0.000000,0.066665
H2S,Barrett 1988,333.150000,60.000000,1.013250,4.000000,0.000850,0.000465,333.150000,1.013250,0.000000,0.000000,0.065491
H2S,Barrett 1988,333.150000,60.000000,1.013250,4.000000,0.000850,0.000461,333.150000,1.013250,0.000000,0.000000,0.066430
H2S,Barrett 1988,334.650000,61.500000,1.013250,4.000000,0.000750,0.000437,334.150000,1.013250,0.500000,0.000000,0.058645
H2S,Barrett 1988,334.650000,61.500000,1.013250,4.000000,0.000750,0.000430,334.150000,1.013250,0.500000,0.000000,0.060398
H2S,Barrett 1988,334.150000,61.000000,1.013250,4.000000,0.000750,0.000423,334.150000,1.013250,0.000000,0.000000,0.062180
H2S,Barrett 1988,334.150000,61.000000,1.013250,4.000000,0.000750,0.000411,334.150000,1.013250,0.000000,0.000000,0.065305
H2S,Barrett 1988,334.150000,61.000000,1.013250,4.000000,0.000750,0.000416,334.150000,1.013250,0.000000,0.000000,0.063992
H2S,Barrett 1988,354.150000,81.000000,1.013250,4.000000,0.000410,0.000231,354.150000,1.013250,0.000000,0.000000,0.062293
H2S,Barrett 1988,354.650000,81.500000,1.013250,4.000000,0.000410,0.000244,354.150000,1.013250,0.500000,0.000000,0.056349
H2S,Barrett 1988,354.650000,81.500000,1.013250,4.000000,0.000410,0.000237,354.150000,1.013250,0.500000,0.000000,0.059509
H2S,Barrett 1988,354.650000,81.500000,1.013250,4.000000,0.000410,0.000236,354.150000,1.013250,0.500000,0.000000,0.059968
H2S,Barrett 1988,353.150000,80.000000,1.013250,4.000000,0.000410,0.000249,354.150000,1.013250,1.000000,0.000000,0.054146
H2S,Barrett 1988,353.150000,80.000000,1.013250,4.000000,0.000410,0.000248,354.150000,1.013250,1.000000,0.000000,0.054583
H2S,Barrett 1988,353.150000,80.000000,1.013250,4.000000,0.000410,0.000238,354.150000,1.013250,1.000000,0.000000,0.059052
H2S,Barrett 1988,369.150000,96.000000,1.013250,4.000000,0.000169,0.000131,367.650000,1.013250,1.500000,0.000000,0.027654
H2S,Barrett 1988,369.150000,96.000000,1.013250,4.000000,0.000169,0.000126,367.650000,1.013250,1.500000,0.000000,0.031879
H2S,Barrett 1988,367.150000,94.000000,1.013250,4.000000,0.000166,0.000140,367.150000,1.013250,0.000000,0.000000,0.018495
H2S,Barrett 1988,368.150000,95.000000,1.013250,4.000000,0.000169,0.000115,367.650000,1.013250,0.500000,0.000000,0.041797
H2S,Barrett 1988,368.150000,95.000000,1.013250,4.000000,0.000169,0.000117,367.650000,1.013250,0.500000,0.000000,0.039925
H2S,Barrett 1988,368.150000,95.000000,1.013250,4.000000,0.000169,0.000118,367.650000,1.013250,0.500000,0.000000,0.039001
H2S,Barrett 1988,368.150000,95.000000,1.013250,4.000000,0.000169,0.000126,367.650000,1.013250,0.500000,0.000000,0.031879
H2S,Barrett 1988,367.650000,94.500000,1.013250,4.000000,0.000169,0.000130,367.650000,1.013250,0.000000,0.000000,0.028486
H2S,Barrett 1988,367.650000,94.500000,1.013250,4.000000,0.000169,0.000129,367.650000,1.013250,0.000000,0.000000,0.029324
H2S,Barrett 1988,367.150000,94.000000,1.013250,4.000000,0.000166,0.000137,367.150000,1.013250,0.000000,0.000000,0.020847
H2S,Barrett 1988,367.150000,94.000000,1.013250,4.000000,0.000166,0.000136,367.150000,1.013250,0.000000,0.000000,0.021642
H2S,Barrett 1988,368.150000,95.000000,1.013250,4.000000,0.000169,0.000126,367.650000,1.013250,0.500000,0.000000,0.031879
H2S,Barrett 1988,368.150000,95.000000,1.013250,4.000000,0.000169,0.000130,367.650000,1.013250,0.500000,0.000000,0.028486
H2S,Barrett 1988,368.150000,95.000000,1.013250,4.000000,0.000169,0.000129,367.650000,1.013250,0.500000,0.000000,0.029324
H2S,Barrett 1988,368.150000,95.000000,1.013250,4.000000,0.000169,0.000131,367.650000,1.013250,0.500000,0.000000,0.027654
H2S,Barrett 1988,368.150000,95.000000,1.013250,4.000000,0.000169,0.000122,367.650000,1.013250,0.500000,0.000000,0.035382
H2S,Barrett 1988,368.150000,95.000000,1.013250,4.000000,0.000169,0.000123,367.650000,1.013250,0.500000,0.000000,0.034495
H2S,Barrett 1988,368.150000,95.000000,1.013250,4.000000,0.000169,0.000121,367.650000,1.013250,0.500000,0.000000,0.036275
H2S,Barrett 1988,369.150000,96.000000,1.013250,4.000000,0.000169,0.000124,367.650000,1.013250,1.500000,0.000000,0.033616
H2S,Barrett 1988,369.150000,96.000000,1.013250,4.000000,0.000169,0.000122,367.650000,1.013250,1.500000,0.000000,0.035382
H2S,Barrett 1988,369.150000,96.000000,1.013250,4.000000,0.000169,0.000124,367.650000,1.013250,1.500000,0.000000,0.033616
H2S,Barrett 1988,369.150000,96.000000,1.013250,4.000000,0.000169,0.000114,367.650000,1.013250,1.500000,0.000000,0.042745
H2S,Barrett 1988,366.150000,93.000000,1.013250,4.000000,0.000166,0.000147,367.150000,1.013250,1.000000,0.000000,0.013198
H2S,Barrett 1988,366.150000,93.000000,1.013250,4.000000,0.000166,0.000143,367.150000,1.013250,1.000000,0.000000,0.016193
H2S,Barrett 1988,369.150000,96.000000,1.013250,4.000000,0.000169,0.000122,367.650000,1.013250,1.500000,0.000000,0.035382
H2S,Barrett 1988,365.150000,92.000000,1.013250,4.000000,0.000166,0.000148,367.150000,1.013250,2.000000,0.000000,0.012462
H2S,Barrett 1988,365.150000,92.000000,1.013250,4.000000,0.000166,0.000148,367.150000,1.013250,2.000000,0.000000,0.012462
H2S,Barrett 1988,298.150000,25.000000,1.013250,5.000000,0.001599,0.000847,298.150000,1.013250,0.000000,0.000000,0.055193
H2S,Barrett 1988,298.150000,25.000000,1.013250,5.000000,0.001599,0.000824,298.150000,1.013250,0.000000,0.000000,0.057584
H2S,Barrett 1988,298.150000,25.000000,1.013250,5.000000,0.001599,0.000783,298.150000,1.013250,0.000000,0.000000,0.062017
H2S,Barrett 1988,297.650000,24.500000,1.013250,5.000000,0.001814,0.000849,297.150000,1.013250,0.500000,0.000000,0.065946
H2S,Barrett 1988,297.650000,24.500000,1.013250,5.000000,0.001814,0.000841,297.150000,1.013250,0.500000,0.000000,0.066768
H2S,Barrett 1988,297.150000,24.000000,1.013250,5.000000,0.001814,0.000912,297.150000,1.013250,0.000000,0.000000,0.059728
H2S,Barrett 1988,297.150000,24.000000,1.013250,5.000000,0.001814,0.000934,297.150000,1.013250,0.000000,0.000000,0.057658
H2S,Barrett 1988,333.650000,60.500000,1.013250,5.000000,0.000850,0.000364,333.150000,1.013250,0.500000,0.000000,0.073664
H2S,Barrett 1988,333.650000,60.500000,1.013250,5.000000,0.000850,0.000383,333.150000,1.013250,0.500000,0.000000,0.069244
H2S,Barrett 1988,333.650000,60.500000,1.013250,5.000000,0.000850,0.000391,333.150000,1.013250,0.500000,0.000000,0.067448
H2S,Barrett 1988,333.650000,60.500000,1.013250,5.000000,0.000850,0.000389,333.150000,1.013250,0.500000,0.000000,0.067894
H2S,Barrett 1988,333.650000,60.500000,1.013250,5.000000,0.000850,0.000377,333.150000,1.013250,0.500000,0.000000,0.070616
H2S,Barrett 1988,333.650000,60.500000,1.013250,5.000000,0.000850,0.000401,333.150000,1.013250,0.500000,0.000000,0.065255
H2S,Barrett 1988,333.650000,60.500000,1.013250,5.000000,0.000850,0.000396,333.150000,1.013250,0.500000,0.000000,0.066345
H2S,Barrett 1988,333.650000,60.500000,1.013250,5.000000,0.000850,0.000389,333.150000,1.013250,0.500000,0.000000,0.067894
H2S,Barrett 1988,353.150000,80.000000,1.013250,5.000000,0.000410,0.000223,354.150000,1.013250,1.000000,0.000000,0.052896
H2S,Barrett 1988,353.150000,80.000000,1.013250,5.000000,0.000410,0.000224,354.150000,1.013250,1.000000,0.000000,0.052507
H2S,Barrett 1988,353.150000,80.000000,1.013250,5.000000,0.000410,0.000232,354.150000,1.013250,1.000000,0.000000,0.049459
H2S,Barrett 1988,353.150000,80.000000,1.013250,5.000000,0.000410,0.000230,354.150000,1.013250,1.000000,0.000000,0.050211
H2S,Barrett 1988,353.150000,80.000000,1.013250,5.000000,0.000410,0.000242,354.150000,1.013250,1.000000,0.000000,0.045794
H2S,Barrett 1988,353.150000,80.000000,1.013250,5.000000,0.000410,0.000239,354.150000,1.013250,1.000000,0.000000,0.046877
H2S,Barrett 1988,368.150000,95.000000,1.013250,5.000000,0.000169,0.000116,367.650000,1.013250,0.500000,0.000000,0.032686
H2S,Barrett 1988,368.150000,95.000000,1.013250,5.000000,0.000169,0.000111,367.650000,1.013250,0.500000,0.000000,0.036513
H2S,Barrett 1988,368.150000,95.000000,1.013250,5.000000,0.000169,0.000113,367.650000,1.013250,0.500000,0.000000,0.034962
H2S,Barrett 1988,368.150000,95.000000,1.013250,5.000000,0.000169,0.000115,367.650000,1.013250,0.500000,0.000000,0.033438
N2,O'Sullivan 1966,324.650000,51.500000,101.300000,1.000000,0.000810,0.000600,324.650000,101.300000,0.000000,0.000000,0.130334
N2,O'Sullivan 1966,324.650000,51.500000,202.600000,1.000000,0.001470,0.001090,324.650000,202.600000,0.000000,0.000000,0.129891
N2,O'Sullivan 1966,324.650000,51.500000,304.000000,1.000000,0.002050,0.001520,324.650000,304.000000,0.000000,0.000000,0.129910
N2,O'Sullivan 1966,324.650000,51.500000,405.300000,1.000000,0.002540,0.001900,324.650000,405.300000,0.000000,0.000000,0.126080
N2,O'Sullivan 1966,324.650000,51.500000,506.600000,1.000000,0.003000,0.002260,324.650000,506.600000,0.000000,0.000000,0.123013
N2,O'Sullivan 1966,324.650000,51.500000,607.900000,1.000000,0.003440,0.002590,324.650000,607.900000,0.000000,0.000000,0.123259
N2,O'Sullivan 1970,324.650000,51.500000,101.330000,1.000000,0.000799,0.000593,324.650000,101.330000,0.000000,0.000000,0.129492
N2,O'Sullivan 1970,324.650000,51.500000,202.650000,1.000000,0.001454,0.001076,324.650000,202.650000,0.000000,0.000000,0.130752
N2,O'Sullivan 1970,324.650000,51.500000,202.650000,4.000000,0.001454,0.000500,324.650000,202.650000,0.000000,0.000000,0.115899
N2,O'Sullivan 1970,324.650000,51.500000,303.980000,1.000000,0.002017,0.001497,324.650000,303.980000,0.000000,0.000000,0.129484
N2,O'Sullivan 1970,324.650000,51.500000,303.980000,4.000000,0.002017,0.000700,324.650000,303.980000,0.000000,0.000000,0.114902
N2,O'Sullivan 1970,324.650000,51.500000,405.300000,1.000000,0.002490,0.001860,324.650000,405.300000,0.000000,0.000000,0.126686
N2,O'Sullivan 1970,324.650000,51.500000,405.300000,4.000000,0.002490,0.000878,324.650000,405.300000,0.000000,0.000000,0.113176
N2,O'Sullivan 1970,324.650000,51.500000,506.630000,1.000000,0.002920,0.002216,324.650000,506.630000,0.000000,0.000000,0.119813
N2,O'Sullivan 1970,324.650000,51.500000,506.630000,4.000000,0.002920,0.001034,324.650000,506.630000,0.000000,0.000000,0.112716
N2,O'Sullivan 1970,324.650000,51.500000,607.950000,1.000000,0.003350,0.002530,324.650000,607.950000,0.000000,0.000000,0.121924
N2,O'Sullivan 1970,324.650000,51.500000,607.950000,4.000000,0.003350,0.001179,324.650000,607.950000,0.000000,0.000000,0.113383
N2,O'Sullivan 1970,375.650000,102.500000,102.340000,1.000000,0.000777,0.000603,375.650000,102.340000,0.000000,0.000000,0.110104
N2,O'Sullivan 1970,375.650000,102.500000,203.660000,1.000000,0.001447,0.001113,375.650000,203.660000,0.000000,0.000000,0.113973
N2,O'Sullivan 1970,375.650000,102.500000,203.660000,4.000000,0.001447,0.000523,375.650000,203.660000,0.000000,0.000000,0.110492
N2,O'Sullivan 1970,375.650000,102.500000,306.000000,1.000000,0.002005,0.001538,375.650000,306.000000,0.000000,0.000000,0.115158
N2,O'Sullivan 1970,375.650000,102.500000,306.000000,4.000000,0.002005,0.000731,375.650000,306.000000,0.000000,0.000000,0.109549
N2,O'Sullivan 1970,375.650000,102.500000,408.340000,1.000000,0.002520,0.001920,375.650000,408.340000,0.000000,0.000000,0.118099
N2,O'Sullivan 1970,375.650000,102.500000,408.340000,4.000000,0.002520,0.000899,375.650000,408.340000,0.000000,0.000000,0.111910
N2,O'Sullivan 1970,375.650000,102.500000,509.670000,1.000000,0.002980,0.002252,375.650000,509.670000,0.000000,0.000000,0.121648
N2,O'Sullivan 1970,375.650000,102.500000,509.670000,4.000000,0.002980,0.001047,375.650000,509.670000,0.000000,0.000000,0.113567
N2,O'Sullivan 1970,375.650000,102.500000,612.000000,1.000000,0.003370,0.002600,375.650000,612.000000,0.000000,0.000000,0.112657
N2,O'Sullivan 1970,375.650000,102.500000,612.000000,4.000000,0.003370,0.001205,375.650000,612.000000,0.000000,0.000000,0.111661
N2,O'Sullivan 1970,398.150000,125.000000,104.360000,1.000000,0.000808,0.000632,398.150000,104.360000,0.000000,0.000000,0.106694
N2,O'Sullivan 1970,398.150000,125.000000,206.700000,1.000000,0.001492,0.001102,398.150000,206.700000,0.000000,0.000000,0.131587
N2,O'Sullivan 1970,398.150000,125.000000,206.700000,4.000000,0.001492,0.000567,398.150000,206.700000,0.000000,0.000000,0.105046
N2,O'Sullivan 1970,398.150000,125.000000,309.040000,1.000000,0.002047,0.001533,398.150000,309.040000,0.000000,0.000000,0.125576
N2,O'Sullivan 1970,398.150000,125.000000,309.040000,4.000000,0.002047,0.000740,398.150000,309.040000,0.000000,0.000000,0.110472
N2,O'Sullivan 1970,398.150000,125.000000,410.370000,1.000000,0.002570,0.001883,398.150000,410.370000,0.000000,0.000000,0.135083
N2,O'Sullivan 1970,398.150000,125.000000,410.370000,4.000000,0.002570,0.000921,398.150000,410.370000,0.000000,0.000000,0.111418
N2,O'Sullivan 1970,398.150000,125.000000,513.720000,1.000000,0.003060,0.002231,398.150000,513.720000,0.000000,0.000000,0.137222
N2,O'Sullivan 1970,398.150000,125.000000,513.720000,4.000000,0.003060,0.001041,398.150000,513.720000,0.000000,0.000000,0.117068
N2,O'Sullivan 1970,398.150000,125.000000,616.060000,1.000000,0.003510,0.002550,398.150000,616.060000,0.000000,0.000000,0.138767
N2,O'Sullivan 1970,398.150000,125.000000,616.060000,4.000000,0.003510,0.001227,398.150000,616.060000,0.000000,0.000000,0.114116
H2,Chahab 2023,298.200000,25.050000,100.710000,1.000000,0.001360,0.001070,298.200000,100.010000,0.000000,0.695065,0.104087
H2,Chahab 2023,298.300000,25.150000,150.010000,1.000000,0.001997,0.001593,298.050000,150.010000,0.250000,0.000000,0.098122
H2,Chahab 2023,298.150000,25.000000,150.010000,1.000000,0.001997,0.001612,298.050000,150.010000,0.100000,0.000000,0.092849
H2,Chahab 2023,298.300000,25.150000,200.010000,1.000000,0.002644,0.002136,298.150000,200.010000,0.150000,0.000000,0.092706
H2,Chahab 2023,323.200000,50.050000,100.310000,1.000000,0.001239,0.001021,323.500000,101.310000,0.300000,0.996910,0.084137
H2,Chahab 2023,323.400000,50.250000,100.610000,1.000000,0.001239,0.001021,323.500000,101.310000,0.100000,0.695756,0.084227
H2,Chahab 2023,323.350000,50.200000,101.010000,1.000000,0.001239,0.001024,323.500000,101.310000,0.150000,0.297000,0.082749
H2,Chahab 2023,323.200000,50.050000,150.060000,1.000000,0.002011,0.001514,323.550000,165.010000,0.350000,9.962682,0.123389
H2,Chahab 2023,323.300000,50.150000,175.010000,1.000000,0.002011,0.001767,323.550000,165.010000,0.250000,5.713959,0.056143
H2,Chahab 2023,323.300000,50.150000,199.910000,1.000000,0.002442,0.002026,323.300000,199.910000,0.000000,0.000000,0.081103
H2,Chahab 2023,323.200000,50.050000,200.010000,1.000000,0.002442,0.002045,323.300000,199.910000,0.100000,0.049998,0.077055
H2,Chahab 2023,373.250000,100.100000,100.110000,1.000000,0.001403,0.001197,373.800000,100.010000,0.550000,0.099890,0.069168
H2,Chahab 2023,373.150000,100.000000,175.510000,1.000000,0.002433,0.002040,373.650000,175.110000,0.500000,0.227907,0.076596
H2,Chahab 2023,298.150000,25.000000,100.010000,2.000000,0.001360,0.000886,298.200000,100.010000,0.050000,0.000000,0.092945
H2,Chahab 2023,298.050000,24.900000,150.010000,2.000000,0.001997,0.001322,298.050000,150.010000,0.000000,0.000000,0.089493
H2,Chahab 2023,298.050000,24.900000,200.010000,2.000000,0.002644,0.001718,298.150000,200.010000,0.100000,0.000000,0.093556
H2,Chahab 2023,323.200000,50.050000,100.010000,2.000000,0.001239,0.000883,323.500000,101.310000,0.300000,1.299870,0.073698
H2,Chahab 2023,323.400000,50.250000,150.010000,2.000000,0.002011,0.001312,323.550000,165.010000,0.150000,9.999333,0.092688
H2,Chahab 2023,323.350000,50.200000,150.010000,2.000000,0.002011,0.001289,323.550000,165.010000,0.200000,9.999333,0.096578
H2,Chahab 2023,323.400000,50.250000,200.010000,2.000000,0.002455,0.001724,323.350000,200.110000,0.050000,0.049998,0.076736
H2,Chahab 2023,373.050000,99.900000,100.010000,2.000000,0.001403,0.000994,373.800000,100.010000,0.750000,0.000000,0.074931
H2,Chahab 2023,298.200000,25.050000,100.010000,4.000000,0.001360,0.000594,298.200000,100.010000,0.000000,0.000000,0.089893
H2,Chahab 2023,298.200000,25.050000,150.010000,4.000000,0.001997,0.000936,298.050000,150.010000,0.150000,0.000000,0.082270
H2,Chahab 2023,298.150000,25.000000,200.010000,4.000000,0.002644,0.001218,298.150000,200.010000,0.000000,0.000000,0.084118
H2,Chahab 2023,323.300000,50.150000,100.010000,4.000000,0.001239,0.000617,323.500000,101.310000,0.200000,1.299870,0.075655
H2,Chahab 2023,323.400000,50.250000,150.010000,4.000000,0.002011,0.000958,323.550000,165.010000,0.150000,9.999333,0.080575
H2,Chahab 2023,323.400000,50.250000,200.010000,4.000000,0.002455,0.001292,323.350000,200.110000,0.050000,0.049998,0.069657
H2,Chahab 2023,373.250000,100.100000,100.010000,4.000000,0.001403,0.000780,373.800000,100.010000,0.550000,0.000000,0.063778
CH4,McGee 1981,546.650000,273.500000,117.600000,0.912400,0.004063,0.003053,545.750000,118.000000,0.900000,0.340136,0.136037
CH4,McGee 1981,547.850000,274.700000,119.500000,0.912400,0.004063,0.003053,545.750000,118.000000,2.100000,1.255230,0.136037
CH4,McGee 1981,545.550000,272.400000,110.200000,0.912400,0.004063,0.003053,545.750000,118.000000,0.200000,7.078040,0.136037
CH4,Blount 1982,373.930000,100.780000,1554.000000,0.055100,0.006378,0.006359,373.370000,1542.000000,0.560000,0.772201,0.023515
CH4,Blount 1982,373.930000,100.780000,1310.000000,0.055100,0.006365,0.006280,372.650000,1317.000000,1.280000,0.534351,0.105967
CH4,Blount 1982,373.930000,100.780000,1310.000000,0.055100,0.006365,0.006059,372.650000,1317.000000,1.280000,0.534351,0.388339
CH4,Blount 1982,373.370000,100.220000,1107.000000,0.055100,0.005676,0.005537,373.370000,1105.000000,0.000000,0.180668,0.195424
CH4,Blount 1982,373.370000,100.220000,1107.000000,0.055100,0.005676,0.005642,373.370000,1105.000000,0.000000,0.180668,0.047356
CH4,Blount 1982,373.370000,100.220000,912.000000,0.055100,0.005351,0.005133,374.150000,908.000000,0.780000,0.438596,0.327835
CH4,Blount 1982,373.370000,100.220000,912.000000,0.055100,0.005351,0.005146,374.150000,908.000000,0.780000,0.438596,0.307898
CH4,Blount 1982,373.370000,100.220000,690.000000,0.055100,0.004635,0.004440,373.150000,706.000000,0.220000,2.318841,0.338780
CH4,Blount 1982,373.370000,100.220000,690.000000,0.055100,0.004635,0.004204,373.150000,706.000000,0.220000,2.318841,0.769275
CH4,Blount 1982,373.930000,100.780000,487.000000,0.055100,0.003996,0.003995,373.370000,490.000000,0.560000,0.616016,0.001973
CH4,Blount 1982,373.930000,100.780000,352.000000,0.055100,0.003382,0.003104,373.370000,345.000000,0.560000,1.988636,0.676078
CH4,Blount 1982,373.930000,100.780000,352.000000,0.055100,0.003382,0.003104,373.370000,345.000000,0.560000,1.988636,0.676078
CH4,Blount 1982,373.650000,100.500000,251.000000,0.055100,0.002585,0.002488,373.370000,243.000000,0.280000,3.187251,0.301455
CH4,Blount 1982,373.650000,100.500000,251.000000,0.055100,0.002585,0.002645,373.370000,243.000000,0.280000,3.187251,-0.180855
CH4,Blount 1982,373.650000,100.500000,148.000000,0.055100,0.001943,0.002185,373.370000,150.000000,0.280000,1.351351,-0.925202
CH4,Blount 1982,373.650000,100.500000,148.000000,0.055100,0.001943,0.001804,373.370000,150.000000,0.280000,1.351351,0.585050
CH4,Blount 1982,373.650000,100.500000,153.000000,0.055100,0.001943,0.001870,373.370000,150.000000,0.280000,1.960784,0.301837
CH4,Blount 1982,373.650000,100.500000,153.000000,0.055100,0.001943,0.001988,373.370000,150.000000,0.280000,1.960784,-0.180464
CH4,Blount 1982,373.370000,100.220000,1339.000000,0.922500,0.006365,0.005231,372.650000,1317.000000,0.720000,1.643017,0.092373
CH4,Blount 1982,373.370000,100.220000,1339.000000,0.922500,0.006365,0.004861,372.650000,1317.000000,0.720000,1.643017,0.126908
CH4,Blount 1982,373.150000,100.000000,1339.000000,0.922500,0.006365,0.004943,372.650000,1317.000000,0.500000,1.643017,0.119033
CH4,Blount 1982,373.150000,100.000000,1339.000000,0.922500,0.006365,0.005176,372.650000,1317.000000,0.500000,1.643017,0.097349
CH4,Blount 1982,373.150000,100.000000,1105.000000,0.922500,0.005806,0.004600,373.150000,1112.000000,0.000000,0.633484,0.109614
CH4,Blount 1982,373.150000,100.000000,904.000000,0.922500,0.005351,0.004449,374.150000,908.000000,1.000000,0.442478,0.086908
CH4,Blount 1982,373.150000,100.000000,904.000000,0.922500,0.005351,0.004491,374.150000,908.000000,1.000000,0.442478,0.082484
CH4,Blount 1982,373.150000,100.000000,904.000000,0.922500,0.005351,0.004532,374.150000,908.000000,1.000000,0.442478,0.078206
CH4,Blount 1982,372.870000,99.720000,702.000000,0.922500,0.004635,0.003928,373.150000,706.000000,0.280000,0.569801,0.077917
CH4,Blount 1982,372.870000,99.720000,702.000000,0.922500,0.004635,0.003598,373.150000,706.000000,0.280000,0.569801,0.119229
CH4,Blount 1982,372.650000,99.500000,498.000000,0.922500,0.003996,0.003296,373.370000,490.000000,0.720000,1.606426,0.090665
CH4,Blount 1982,372.650000,99.500000,498.000000,0.922500,0.003996,0.003324,373.370000,490.000000,0.720000,1.606426,0.086682
CH4,Blount 1982,373.150000,100.000000,347.000000,0.922500,0.003382,0.002842,373.370000,345.000000,0.220000,0.576369,0.081897
CH4,Blount 1982,373.150000,100.000000,347.000000,0.922500,0.003382,0.002856,373.370000,345.000000,0.220000,0.576369,0.079583
CH4,Blount 1982,373.150000,100.000000,248.000000,0.922500,0.002585,0.002347,373.370000,243.000000,0.220000,2.016129,0.045471
CH4,Blount 1982,373.150000,100.000000,248.000000,0.922500,0.002585,0.002402,373.370000,243.000000,0.220000,2.016129,0.034566
CH4,Blount 1982,374.150000,101.000000,1116.000000,2.027200,0.005676,0.004189,373.370000,1105.000000,0.780000,0.985663,0.065081
CH4,Blount 1982,374.150000,101.000000,911.000000,2.027200,0.005351,0.003709,374.150000,908.000000,0.000000,0.329308,0.078521
CH4,Blount 1982,374.150000,101.000000,911.000000,2.027200,0.005351,0.003753,374.150000,908.000000,0.000000,0.329308,0.075995
CH4,Blount 1982,373.150000,100.000000,1552.000000,2.037900,0.006378,0.005020,373.370000,1542.000000,0.220000,0.644330,0.051024
CH4,Blount 1982,373.150000,100.000000,1552.000000,2.037900,0.006378,0.004933,373.370000,1542.000000,0.220000,0.644330,0.054749
CH4,Blount 1982,373.150000,100.000000,1552.000000,2.037900,0.006378,0.004976,373.370000,1542.000000,0.220000,0.644330,0.052900
CH4,Blount 1982,373.150000,100.000000,1552.000000,2.037900,0.006378,0.004933,373.370000,1542.000000,0.220000,0.644330,0.054749
CH4,Blount 1982,373.150000,100.000000,1544.000000,2.037900,0.006378,0.005049,373.370000,1542.000000,0.220000,0.129534,0.049796
CH4,Blount 1982,373.150000,100.000000,1544.000000,2.037900,0.006378,0.005092,373.370000,1542.000000,0.220000,0.129534,0.047989
CH4,Blount 1982,373.650000,100.500000,1313.000000,2.037900,0.006365,0.004686,372.650000,1317.000000,1.000000,0.304646,0.065261
CH4,Blount 1982,373.650000,100.500000,1313.000000,2.037900,0.006365,0.004628,372.650000,1317.000000,1.000000,0.304646,0.067916
CH4,Blount 1982,373.370000,100.220000,1059.000000,2.037900,0.005676,0.004279,373.370000,1105.000000,0.000000,4.343720,0.060209
CH4,Blount 1982,373.370000,100.220000,1059.000000,2.037900,0.005676,0.004380,373.370000,1105.000000,0.000000,4.343720,0.055237
CH4,Blount 1982,373.650000,100.500000,1053.000000,2.037900,0.005676,0.004177,373.370000,1105.000000,0.280000,4.938272,0.065351
CH4,Blount 1982,373.650000,100.500000,1053.000000,2.037900,0.005676,0.004293,373.370000,1105.000000,0.280000,4.938272,0.059513
CH4,Blount 1982,373.650000,100.500000,913.000000,2.037900,0.005351,0.003770,374.150000,908.000000,0.500000,0.547645,0.074633
CH4,Blount 1982,373.650000,100.500000,913.000000,2.037900,0.005351,0.003813,374.150000,908.000000,0.500000,0.547645,0.072216
CH4,Blount 1982,373.650000,100.500000,890.000000,2.037900,0.005351,0.003842,374.150000,908.000000,0.500000,2.022472,0.070601
CH4,Blount 1982,373.650000,100.500000,890.000000,2.037900,0.005351,0.003959,374.150000,908.000000,0.500000,2.022472,0.064208
CH4,Blount 1982,373.150000,100.000000,702.000000,2.037900,0.004635,0.003522,373.150000,706.000000,0.000000,0.569801,0.058521
CH4,Blount 1982,373.150000,100.000000,702.000000,2.037900,0.004635,0.003464,373.150000,706.000000,0.000000,0.569801,0.062060
CH4,Blount 1982,373.150000,100.000000,696.000000,2.037900,0.004635,0.003187,373.150000,706.000000,0.000000,1.436782,0.079821
CH4,Blount 1982,373.150000,100.000000,696.000000,2.037900,0.004635,0.003318,373.150000,706.000000,0.000000,1.436782,0.071237
CH4,Blount 1982,373.650000,100.500000,494.000000,2.037900,0.003996,0.003012,373.370000,490.000000,0.280000,0.809717,0.060244
CH4,Blount 1982,373.650000,100.500000,494.000000,2.037900,0.003996,0.002750,373.370000,490.000000,0.280000,0.809717,0.079637
CH4,Blount 1982,373.650000,100.500000,488.000000,2.037900,0.003996,0.002866,373.370000,490.000000,0.280000,0.409836,0.070832
CH4,Blount 1982,373.650000,100.500000,488.000000,2.037900,0.003996,0.002910,373.370000,490.000000,0.280000,0.409836,0.067586
CH4,Blount 1982,373.370000,100.220000,356.000000,1.984700,0.003382,0.002655,373.370000,345.000000,0.000000,3.089888,0.052960
CH4,Blount 1982,373.370000,100.220000,356.000000,1.984700,0.003382,0.002553,373.370000,345.000000,0.000000,3.089888,0.061532
CH4,Blount 1982,373.370000,100.220000,353.000000,2.005900,0.003382,0.002308,373.370000,345.000000,0.000000,2.266289,0.082725
CH4,Blount 1982,373.370000,100.220000,353.000000,2.005900,0.003382,0.002629,373.370000,345.000000,0.000000,2.266289,0.054531
CH4,Blount 1982,373.650000,100.500000,253.000000,2.005900,0.002585,0.002002,373.370000,243.000000,0.280000,3.952569,0.055335
CH4,Blount 1982,373.150000,100.000000,255.000000,2.005900,0.002585,0.002089,373.370000,243.000000,0.220000,4.705882,0.046125
CH4,Blount 1982,373.370000,100.220000,251.000000,2.005900,0.002585,0.001958,373.370000,243.000000,0.000000,3.187251,0.060146
CH4,Blount 1982,373.370000,100.220000,251.000000,2.005900,0.002585,0.001900,373.370000,243.000000,0.000000,3.187251,0.066657
CH4,Blount 1982,373.150000,100.000000,142.000000,2.005900,0.001943,0.001418,373.370000,150.000000,0.220000,5.633803,0.068197
CH4,Blount 1982,373.150000,100.000000,142.000000,2.005900,0.001943,0.001331,373.370000,150.000000,0.220000,5.633803,0.081906
CH4,Blount 1982,372.870000,99.720000,1506.000000,3.402900,0.006378,0.004185,373.370000,1542.000000,0.500000,2.390438,0.053774
CH4,Blount 1982,372.870000,99.720000,1506.000000,3.402900,0.006378,0.004077,373.370000,1542.000000,0.500000,2.390438,0.057111
CH4,Blount 1982,372.650000,99.500000,1524.000000,3.402900,0.006378,0.004263,373.370000,1542.000000,0.720000,1.181102,0.051418
CH4,Blount 1982,372.650000,99.500000,1316.000000,3.402900,0.006365,0.003828,372.650000,1317.000000,0.000000,0.075988,0.064894
CH4,Blount 1982,372.650000,99.500000,1316.000000,3.402900,0.006365,0.003812,372.650000,1317.000000,0.000000,0.075988,0.065428
CH4,Blount 1982,372.370000,99.220000,1114.000000,3.402900,0.005806,0.003610,373.150000,1112.000000,0.780000,0.179533,0.060645
CH4,Blount 1982,372.870000,99.720000,918.000000,3.402900,0.005351,0.003174,374.150000,908.000000,1.280000,1.089325,0.066657
CH4,Blount 1982,372.870000,99.720000,918.000000,3.402900,0.005351,0.003236,374.150000,908.000000,1.280000,1.089325,0.064188
CH4,Blount 1982,372.870000,99.720000,910.000000,3.334800,0.005351,0.003520,374.150000,908.000000,1.280000,0.219780,0.054544
CH4,Blount 1982,372.870000,99.720000,910.000000,3.334800,0.005351,0.003194,374.150000,908.000000,1.280000,0.219780,0.067200
CH4,Blount 1982,372.870000,99.720000,922.000000,3.334800,0.005351,0.003520,374.150000,908.000000,1.280000,1.518438,0.054544
CH4,Blount 1982,372.870000,99.720000,922.000000,3.334800,0.005351,0.003319,374.150000,908.000000,1.280000,1.518438,0.062201
CH4,Blount 1982,372.370000,99.220000,689.000000,3.361500,0.004635,0.002747,373.150000,706.000000,0.780000,2.467344,0.067586
CH4,Blount 1982,372.370000,99.220000,689.000000,3.361500,0.004635,0.002825,373.150000,706.000000,0.780000,2.467344,0.063969
CH4,Blount 1982,373.150000,100.000000,678.000000,3.334800,0.004635,0.003194,373.150000,706.000000,0.000000,4.129794,0.048493
CH4,Blount 1982,373.150000,100.000000,678.000000,3.334800,0.004635,0.002744,373.150000,706.000000,0.000000,4.129794,0.068270
CH4,Blount 1982,373.370000,100.220000,685.000000,3.334800,0.004635,0.002728,373.150000,706.000000,0.220000,3.065693,0.069031
CH4,Blount 1982,373.370000,100.220000,685.000000,3.334800,0.004635,0.003086,373.150000,706.000000,0.220000,3.065693,0.052973
CH4,Blount 1982,372.540000,99.390000,497.000000,3.361500,0.003996,0.002405,373.370000,490.000000,0.830000,1.408451,0.065599
CH4,Blount 1982,371.930000,98.780000,490.000000,3.334800,0.003996,0.002697,373.370000,490.000000,1.440000,0.000000,0.051201
CH4,Blount 1982,371.930000,98.780000,490.000000,3.334800,0.003996,0.002588,373.370000,490.000000,1.440000,0.000000,0.056573
CH4,Blount 1982,371.930000,98.780000,490.000000,3.334800,0.003996,0.002650,373.370000,490.000000,1.440000,0.000000,0.053490
CH4,Blount 1982,371.930000,98.780000,490.000000,3.334800,0.003996,0.002650,373.370000,490.000000,1.440000,0.000000,0.053490
CH4,Blount 1982,372.870000,99.720000,485.000000,3.334800,0.003996,0.002557,373.370000,490.000000,0.500000,1.030928,0.058143
CH4,Blount 1982,372.870000,99.720000,485.000000,3.334800,0.003996,0.002495,373.370000,490.000000,0.500000,1.030928,0.061339
CH4,Blount 1982,372.870000,99.720000,346.000000,3.334800,0.003382,0.002262,373.370000,345.000000,0.500000,0.289017,0.052381
CH4,Blount 1982,372.870000,99.720000,346.000000,3.334800,0.003382,0.002262,373.370000,345.000000,0.500000,0.289017,0.052381
CH4,Blount 1982,372.540000,99.390000,221.000000,3.334800,0.002585,0.001530,373.370000,243.000000,0.830000,9.954751,0.068301
CH4,Blount 1982,372.540000,99.390000,221.000000,3.334800,0.002585,0.001514,373.370000,243.000000,0.830000,9.954751,0.069670
CH4,Blount 1982,372.870000,99.720000,1549.000000,5.014900,0.006378,0.003014,373.370000,1542.000000,0.500000,0.451904,0.064915
CH4,Blount 1982,372.870000,99.720000,1549.000000,5.014900,0.006378,0.003131,373.370000,1542.000000,0.500000,0.451904,0.061617
CH4,Blount 1982,372.870000,99.720000,1549.000000,5.014900,0.006378,0.003517,373.370000,1542.000000,0.500000,0.451904,0.051549
CH4,Blount 1982,372.870000,99.720000,1549.000000,5.014900,0.006378,0.003299,373.370000,1542.000000,0.500000,0.451904,0.057090
CH4,Blount 1982,372.870000,99.720000,1547.000000,5.014900,0.006378,0.003484,373.370000,1542.000000,0.500000,0.323206,0.052365
CH4,Blount 1982,372.870000,99.720000,1547.000000,5.014900,0.006378,0.003265,373.370000,1542.000000,0.500000,0.323206,0.057987
CH4,Blount 1982,372.870000,99.720000,1204.000000,5.014900,0.006365,0.003064,372.650000,1317.000000,0.220000,9.385382,0.063313
CH4,Blount 1982,372.870000,99.720000,1204.000000,5.014900,0.006365,0.003047,372.650000,1317.000000,0.220000,9.385382,0.063795
CH4,Blount 1982,372.870000,99.720000,1058.000000,5.014900,0.005806,0.002980,373.150000,1112.000000,0.280000,5.103970,0.057760
CH4,Blount 1982,372.370000,99.220000,1070.000000,5.014900,0.005806,0.003098,373.150000,1112.000000,0.780000,3.925234,0.054397
CH4,Blount 1982,372.370000,99.220000,1070.000000,5.014900,0.005806,0.003215,373.150000,1112.000000,0.780000,3.925234,0.051187
CH4,Blount 1982,372.650000,99.500000,1124.000000,5.014900,0.005806,0.002846,373.150000,1112.000000,0.500000,1.067616,0.061744
CH4,Blount 1982,372.370000,99.220000,1128.000000,5.014900,0.005806,0.002695,373.150000,1112.000000,0.780000,1.418440,0.066466
CH4,Blount 1982,372.370000,99.220000,1128.000000,5.014900,0.005806,0.002829,373.150000,1112.000000,0.780000,1.418440,0.062263
CH4,Blount 1982,372.370000,99.220000,916.000000,5.014900,0.005351,0.002476,374.150000,908.000000,1.780000,0.873362,0.066738
CH4,Blount 1982,372.370000,99.220000,932.000000,5.014900,0.005351,0.002375,374.150000,908.000000,1.780000,2.575107,0.070345
CH4,Blount 1982,372.370000,99.220000,932.000000,5.014900,0.005351,0.002611,374.150000,908.000000,1.780000,2.575107,0.062140
CH4,Blount 1982,372.150000,99.000000,672.000000,5.014900,0.004635,0.002191,373.150000,706.000000,1.000000,5.059524,0.064888
CH4,Blount 1982,372.370000,99.220000,702.000000,5.014900,0.004635,0.002056,373.150000,706.000000,0.780000,0.569801,0.070396
CH4,Blount 1982,372.370000,99.220000,702.000000,5.014900,0.004635,0.002308,373.150000,706.000000,0.780000,0.569801,0.060383
CH4,Blount 1982,372.150000,99.000000,502.000000,4.944300,0.003996,0.001915,373.370000,490.000000,1.220000,2.390438,0.064611
CH4,Blount 1982,372.150000,99.000000,502.000000,4.944300,0.003996,0.001999,373.370000,490.000000,1.220000,2.390438,0.060840
CH4,Blount 1982,372.370000,99.220000,348.000000,4.944300,0.003382,0.002016,373.370000,345.000000,1.000000,0.862069,0.045443
CH4,Blount 1982,372.150000,99.000000,370.000000,4.905000,0.003382,0.001678,373.370000,345.000000,1.220000,6.756757,0.062055
CH4,Blount 1982,372.370000,99.220000,372.000000,4.905000,0.003382,0.001443,373.370000,345.000000,1.000000,7.258065,0.075414
CH4,Blount 1982,372.370000,99.220000,372.000000,4.905000,0.003382,0.001594,373.370000,345.000000,1.000000,7.258065,0.066603
CH4,Blount 1982,372.370000,99.220000,248.000000,4.905000,0.002585,0.001359,373.370000,243.000000,1.000000,2.016129,0.056930
CH4,Blount 1982,372.370000,99.220000,248.000000,4.905000,0.002585,0.001410,373.370000,243.000000,1.000000,2.016129,0.053668
CH4,Blount 1982,372.370000,99.220000,248.000000,4.905000,0.002585,0.001761,373.370000,243.000000,1.000000,2.016129,0.033986
CH4,Blount 1982,372.370000,99.220000,246.000000,4.905000,0.002585,0.001359,373.370000,243.000000,1.000000,1.219512,0.056930
CH4,Blount 1982,372.150000,99.000000,146.000000,4.905000,0.001943,0.001091,373.370000,150.000000,1.220000,2.739726,0.051101
CH4,Blount 1982,372.150000,99.000000,146.000000,4.905000,0.001943,0.001041,373.370000,150.000000,1.220000,2.739726,0.055254
CH4,Blount 1982,373.930000,100.780000,1532.000000,7.050500,0.006378,0.002278,373.370000,1542.000000,0.560000,0.652742,0.063418
CH4,Blount 1982,373.650000,100.500000,1310.000000,7.050500,0.006365,0.002516,372.650000,1317.000000,1.000000,0.534351,0.057172
CH4,Blount 1982,373.650000,100.500000,1310.000000,7.050500,0.006365,0.002626,372.650000,1317.000000,1.000000,0.534351,0.054536
CH4,Blount 1982,373.650000,100.500000,1310.000000,7.050500,0.006365,0.002571,372.650000,1317.000000,1.000000,0.534351,0.055839
CH4,Blount 1982,373.650000,100.500000,1310.000000,7.050500,0.006365,0.002553,372.650000,1317.000000,1.000000,0.534351,0.056272
CH4,Blount 1982,373.650000,100.500000,1310.000000,7.050500,0.006365,0.002699,372.650000,1317.000000,1.000000,0.534351,0.052847
CH4,Blount 1982,373.650000,100.500000,1103.000000,7.050500,0.005676,0.001911,373.370000,1105.000000,0.280000,0.181324,0.067056
CH4,Blount 1982,373.650000,100.500000,1103.000000,7.050500,0.005676,0.002424,373.370000,1105.000000,0.280000,0.181324,0.052409
CH4,Blount 1982,373.650000,100.500000,901.000000,7.050500,0.005351,0.002040,374.150000,908.000000,0.500000,0.776915,0.059401
CH4,Blount 1982,373.650000,100.500000,901.000000,7.050500,0.005351,0.002241,374.150000,908.000000,0.500000,0.776915,0.053612
CH4,Blount 1982,374.370000,101.220000,908.000000,7.087700,0.005351,0.001969,374.150000,908.000000,0.220000,0.000000,0.061260
CH4,Blount 1982,374.370000,101.220000,908.000000,7.087700,0.005351,0.002098,374.150000,908.000000,0.220000,0.000000,0.057371
CH4,Blount 1982,373.930000,100.780000,904.000000,7.087700,0.005351,0.002171,374.150000,908.000000,0.220000,0.442478,0.055275
CH4,Blount 1982,373.930000,100.780000,904.000000,7.087700,0.005351,0.002300,374.150000,908.000000,0.220000,0.442478,0.051739
CH4,Blount 1982,374.150000,101.000000,706.000000,7.087700,0.004635,0.002061,373.150000,706.000000,1.000000,0.000000,0.049660
CH4,Blount 1982,374.150000,101.000000,706.000000,7.087700,0.004635,0.002006,373.150000,706.000000,1.000000,0.000000,0.051317
CH4,Blount 1982,373.930000,100.780000,496.000000,7.087700,0.003996,0.001602,373.370000,490.000000,0.560000,1.209677,0.056007
CH4,Blount 1982,373.930000,100.780000,496.000000,7.087700,0.003996,0.001675,373.370000,490.000000,0.560000,1.209677,0.053277
CH4,Blount 1982,374.150000,101.000000,357.000000,7.087700,0.003382,0.001418,373.370000,345.000000,0.780000,3.361345,0.053261
CH4,Blount 1982,374.150000,101.000000,357.000000,7.087700,0.003382,0.001344,373.370000,345.000000,0.780000,3.361345,0.056545
CH4,Blount 1982,374.370000,101.220000,250.000000,7.087700,0.002585,0.001087,373.370000,243.000000,1.000000,2.800000,0.053082
CH4,Blount 1982,374.370000,101.220000,250.000000,7.087700,0.002585,0.001234,373.370000,243.000000,1.000000,2.800000,0.045310
CH4,Blount 1982,373.930000,100.780000,141.000000,7.087700,0.001943,0.000940,373.370000,150.000000,0.560000,6.382979,0.044492
CH4,Blount 1982,373.930000,100.780000,141.000000,7.087700,0.001943,0.000903,373.370000,150.000000,0.560000,6.382979,0.046952
CH4,Blount 1982,373.930000,100.780000,141.000000,7.087700,0.001943,0.000829,373.370000,150.000000,0.560000,6.382979,0.052192
CH4,Blount 1982,373.930000,100.780000,141.000000,7.087700,0.001943,0.000903,373.370000,150.000000,0.560000,6.382979,0.046952
CH4,O'Sullivan 1970,324.650000,51.500000,101.330000,1.000000,0.001427,0.001076,324.650000,101.330000,0.000000,0.000000,0.122612
CH4,O'Sullivan 1970,324.650000,51.500000,202.650000,1.000000,0.002279,0.001695,324.650000,202.650000,0.000000,0.000000,0.128575
CH4,O'Sullivan 1970,324.650000,51.500000,202.650000,4.000000,0.002279,0.000805,324.650000,202.650000,0.000000,0.000000,0.112987
CH4,O'Sullivan 1970,324.650000,51.500000,303.980000,1.000000,0.002870,0.002138,324.650000,303.980000,0.000000,0.000000,0.127874
CH4,O'Sullivan 1970,324.650000,51.500000,303.980000,4.000000,0.002870,0.000997,324.650000,303.980000,0.000000,0.000000,0.114797
CH4,O'Sullivan 1970,324.650000,51.500000,405.300000,1.000000,0.003340,0.002500,324.650000,405.300000,0.000000,0.000000,0.125806
CH4,O'Sullivan 1970,324.650000,51.500000,405.300000,4.000000,0.003340,0.001154,324.650000,405.300000,0.000000,0.000000,0.115385
CH4,O'Sullivan 1970,324.650000,51.500000,506.630000,1.000000,0.003730,0.002790,324.650000,506.630000,0.000000,0.000000,0.126105
CH4,O'Sullivan 1970,324.650000,51.500000,506.630000,4.000000,0.003730,0.001303,324.650000,506.630000,0.000000,0.000000,0.114191
CH4,O'Sullivan 1970,324.650000,51.500000,607.950000,1.000000,0.004090,0.003070,324.650000,607.950000,0.000000,0.000000,0.124585
CH4,O'Sullivan 1970,324.650000,51.500000,607.950000,4.000000,0.004090,0.001444,324.650000,607.950000,0.000000,0.000000,0.113039
CH4,O'Sullivan 1970,375.650000,102.500000,203.660000,1.000000,0.002205,0.001693,375.650000,203.660000,0.000000,0.000000,0.114752
CH4,O'Sullivan 1970,375.650000,102.500000,203.660000,4.000000,0.002205,0.000826,375.650000,203.660000,0.000000,0.000000,0.106607
CH4,O'Sullivan 1970,375.650000,102.500000,306.000000,1.000000,0.002870,0.002219,375.650000,306.000000,0.000000,0.000000,0.111725
CH4,O'Sullivan 1970,375.650000,102.500000,306.000000,4.000000,0.002870,0.001079,375.650000,306.000000,0.000000,0.000000,0.106215
CH4,O'Sullivan 1970,375.650000,102.500000,408.340000,1.000000,0.003330,0.002570,375.650000,408.340000,0.000000,0.000000,0.112511
CH4,O'Sullivan 1970,375.650000,102.500000,408.340000,4.000000,0.003330,0.001211,375.650000,408.340000,0.000000,0.000000,0.109825
CH4,O'Sullivan 1970,375.650000,102.500000,509.670000,1.000000,0.003850,0.002890,375.650000,509.670000,0.000000,0.000000,0.124563
CH4,O'Sullivan 1970,375.650000,102.500000,509.670000,4.000000,0.003850,0.001319,375.650000,509.670000,0.000000,0.000000,0.116304
CH4,O'Sullivan 1970,375.650000,102.500000,612.000000,1.000000,0.004190,0.003200,375.650000,612.000000,0.000000,0.000000,0.117064
CH4,O'Sullivan 1970,375.650000,102.500000,612.000000,4.000000,0.004190,0.001433,375.650000,612.000000,0.000000,0.000000,0.116492
CH4,O'Sullivan 1970,398.150000,125.000000,104.360000,1.000000,0.001434,0.001058,398.150000,104.360000,0.000000,0.000000,0.132063
CH4,O'Sullivan 1970,398.150000,125.000000,206.700000,1.000000,0.002321,0.001752,398.150000,206.700000,0.000000,0.000000,0.122141
CH4,O'Sullivan 1970,398.150000,125.000000,206.700000,4.000000,0.002321,0.000825,398.150000,206.700000,0.000000,0.000000,0.112305
CH4,O'Sullivan 1970,398.150000,125.000000,309.040000,1.000000,0.002960,0.002223,398.150000,309.040000,0.000000,0.000000,0.124352
CH4,O'Sullivan 1970,398.150000,125.000000,309.040000,4.000000,0.002960,0.001005,398.150000,309.040000,0.000000,0.000000,0.117281
CH4,O'Sullivan 1970,398.150000,125.000000,410.370000,1.000000,0.003430,0.002600,398.150000,410.370000,0.000000,0.000000,0.120321
CH4,O'Sullivan 1970,398.150000,125.000000,410.370000,4.000000,0.003430,0.001164,398.150000,410.370000,0.000000,0.000000,0.117335
CH4,O'Sullivan 1970,398.150000,125.000000,513.720000,1.000000,0.003960,0.002940,398.150000,513.720000,0.000000,0.000000,0.129348
CH4,O'Sullivan 1970,398.150000,125.000000,513.720000,4.000000,0.003960,0.001322,398.150000,513.720000,0.000000,0.000000,0.119116
CH4,O'Sullivan 1970,398.150000,125.000000,616.060000,1.000000,0.004300,0.003250,398.150000,616.060000,0.000000,0.000000,0.121585
CH4,O'Sullivan 1970,398.150000,125.000000,616.060000,4.000000,0.004300,0.001438,398.150000,616.060000,0.000000,0.000000,0.118927
CH4,Blount 1982,373.150000,100.000000,138.580000,1.897000,0.001943,0.001113,373.370000,150.000000,0.220000,8.240727,0.127612
CH4,Blount 1982,373.150000,100.000000,138.580000,1.897000,0.001943,0.001099,373.370000,150.000000,0.220000,8.240727,0.130418
CH4,Blount 1982,373.150000,100.000000,137.900000,1.897000,0.001943,0.001045,373.370000,150.000000,0.220000,8.774474,0.141999
CH4,Blount 1982,373.150000,100.000000,137.900000,1.897000,0.001943,0.001045,373.370000,150.000000,0.220000,8.774474,0.141999
CH4,Blount 1982,373.150000,100.000000,138.310000,1.897000,0.001943,0.001126,373.370000,150.000000,0.220000,8.452028,0.124840
